,fvalue,pvalue_noTTV,label,Hochberg,male_variance,female_variance,Sexbias,sex-biased-pvalue
1,0.334984658,0.563249439,root2,0.99799069,0.769982458,0.784578844,Female-bias,-0.563249439
5,0.500064189,0.480117646,Cortical subplate,0.99799069,0.808217927,0.830169443,Female-bias,-0.480117646
6,0.42697045,0.514068008,Cortical subplate-other,0.99799069,0.832487088,0.856844008,Female-bias,-0.514068008
8,1.549825838,0.214304018,right Cortical subplate-other,0.99799069,0.827799891,0.878549498,Female-bias,-0.214304018
12,1.547856102,0.214594598,right Claustrum-other,0.99799069,0.781212234,0.927545103,Female-bias,-0.214594598
13,0.127701969,0.721122292,Claustrum: dorsal part,0.99799069,0.697564462,0.701832763,Female-bias,-0.721122292
14,0.124403109,0.724598532,left Claustrum: dorsal part,0.99799069,0.717296338,0.727148022,Female-bias,-0.724598532
15,1.532166675,0.216926028,right Claustrum: dorsal part,0.99799069,0.710738322,0.914630214,Female-bias,-0.216926028
22,0.325151487,0.569030178,left Dorsal nucleus of the endopiriform,0.99799069,0.872125736,0.902797765,Female-bias,-0.569030178
27,0.063996717,0.800490789,"Endopiriform nucleus, ventral part",0.99799069,0.939138923,1.030121482,Female-bias,-0.800490789
28,0.862100177,0.35402968,"left Endopiriform nucleus, ventral part",0.99799069,0.907711207,1.075816433,Female-bias,-0.35402968
35,1.306454106,0.254109636,Postpiriform transition area,0.99799069,0.656125453,0.782536224,Female-bias,-0.254109636
37,1.025297898,0.312225427,right Postpiriform transition area,0.99799069,0.718821791,0.802007363,Female-bias,-0.312225427
38,0.029259485,0.864316926,Piriform area,0.99799069,0.919265794,0.953397386,Female-bias,-0.864316926
39,0.491775711,0.483775731,Cortex-amygdala transition zones,0.99799069,0.987792131,1.00083519,Female-bias,-0.483775731
40,3.074237581,0.08074341,left Cortex-amygdala transition zones,0.99799069,0.89983111,1.072251237,Female-bias,-0.08074341
42,0.041927907,0.8379206,Piriform cortex,0.99799069,0.901794911,0.942741233,Female-bias,-0.8379206
43,2.467543119,0.117459424,left Piriform cortex,0.99799069,0.857830517,1.055635608,Female-bias,-0.117459424
55,0.002709163,0.958529907,"left Cortical amygdalar area, posterior part, lateral zone",0.99799069,0.95701031,0.979499475,Female-bias,-0.958529907
60,3.929153663,0.048529276,Piriform-amygdalar area,0.99799069,0.856583023,1.025859792,Female-bias,-0.048529276
62,1.411100746,0.235978996,right Piriform-amygdalar area,0.99799069,0.816736508,1.114075597,Female-bias,-0.235978996
67,0.495436082,0.482154597,"Main olfactory bulb, outer plexiform layer",0.99799069,0.769010491,0.808292654,Female-bias,-0.482154597
68,0.453028663,0.501509709,"left Main olfactory bulb, outer plexiform layer",0.99799069,0.781978938,0.831516944,Female-bias,-0.501509709
69,0.571773856,0.450252868,"right Main olfactory bulb, outer plexiform layer",0.99799069,0.768726485,0.827628985,Female-bias,-0.450252868
72,0.402665965,0.526284532,"right Main olfactory bulb, mitral layer",0.99799069,0.87457775,0.932770896,Female-bias,-0.526284532
75,0.455716669,0.500244261,"right Main olfactory bulb, inner plexiform layer",0.99799069,0.856886712,0.920173815,Female-bias,-0.500244261
78,0.255736631,0.613501248,"right Main olfactory bulb, granule layer",0.99799069,0.69774563,0.736891155,Female-bias,-0.613501248
80,0.046304789,0.829794716,"Accessory olfactory bulb, glomerular layer",0.99799069,0.925049967,0.978102107,Female-bias,-0.829794716
81,0.007170894,0.93258134,"left Accessory olfactory bulb, glomerular layer",0.99799069,0.970457903,0.972792758,Female-bias,-0.93258134
89,2.567347023,0.110328515,Hippocampal formation,0.99799069,0.711939761,0.909157347,Female-bias,-0.110328515
90,0.844720759,0.358918667,Retrohippocampal region,0.99799069,0.844848372,0.975734572,Female-bias,-0.358918667
95,0.08376251,0.772497047,subiculum,0.99799069,0.910510431,0.95312457,Female-bias,-0.772497047
96,0.109230385,0.741293421,left subiculum,0.99799069,0.926521,0.933789566,Female-bias,-0.741293421
97,0.246153107,0.620224279,right subiculum,0.99799069,0.919807491,0.972180397,Female-bias,-0.620224279
98,0.281743745,0.596022548,Entorhinal area,0.99799069,0.809272673,0.912413211,Female-bias,-0.596022548
99,0.244859745,0.621144049,"Entorhinal area, medial part, dorsal zone",0.99799069,0.854814643,0.932868305,Female-bias,-0.621144049
100,1.891644093,0.170223626,"left Entorhinal area, medial part, dorsal zone",0.99799069,0.783908626,0.985875708,Female-bias,-0.170223626
101,0.216087856,0.642433762,"right Entorhinal area, medial part, dorsal zone",0.99799069,0.92280018,0.931914456,Female-bias,-0.642433762
102,1.625870359,0.203435702,"Entorhinal area, lateral part",0.99799069,0.752048636,0.917429557,Female-bias,-0.203435702
103,1.849519254,0.175040458,Dorsal intermediate entorhinal cortex,0.99799069,0.735437108,0.924375279,Female-bias,-0.175040458
104,1.170919306,0.280234636,left Dorsal intermediate entorhinal cortex,0.99799069,0.806886768,1.014525016,Female-bias,-0.280234636
105,1.755194041,0.18641108,right Dorsal intermediate entorhinal cortex,0.99799069,0.783534534,0.902340099,Female-bias,-0.18641108
106,1.226759896,0.269081738,Dorsolateral entorhinal cortex,0.99799069,0.750590808,0.905874436,Female-bias,-0.269081738
107,0.801661988,0.371441305,left Dorsolateral entorhinal cortex,0.99799069,0.770049735,0.920470045,Female-bias,-0.371441305
108,0.558464241,0.45556822,right Dorsolateral entorhinal cortex,0.99799069,0.831357336,0.913983021,Female-bias,-0.45556822
109,1.451903545,0.229339818,Ventral intermediate entorhinal cortex,0.99799069,0.859391798,1.054885612,Female-bias,-0.229339818
110,3.382726455,0.067045563,left Ventral intermediate entorhinal cortex,0.99799069,0.86354988,1.100092433,Female-bias,-0.067045563
111,1.577018914,0.210340028,right Ventral intermediate entorhinal cortex,0.99799069,0.887139259,1.014757642,Female-bias,-0.210340028
115,2.061575517,0.152279465,Hippocampal region,0.99799069,0.64998449,0.852704062,Female-bias,-0.152279465
116,1.301294017,0.255047209,Ammon's horn,0.99799069,0.64562232,0.791139888,Female-bias,-0.255047209
117,0.667729579,0.414607091,Field CA1,0.99799069,0.641347608,0.800544856,Female-bias,-0.414607091
118,0.448657969,0.503579027,"Field CA1, stratum oriens",0.99799069,0.809488267,0.87773798,Female-bias,-0.503579027
119,0.394243758,0.530638986,"left Field CA1, stratum oriens",0.99799069,0.864293481,0.903012,Female-bias,-0.530638986
120,0.458190929,0.499084235,"right Field CA1, stratum oriens",0.99799069,0.787986544,0.925516073,Female-bias,-0.499084235
121,1.996220614,0.15891136,"Field CA1, stratum lacunosum-moleculare",0.99799069,0.631354406,0.892958139,Female-bias,-0.15891136
122,0.394088982,0.530719614,"left Field CA1, stratum lacunosum-moleculare",0.99799069,0.759927766,0.865612577,Female-bias,-0.530719614
123,3.362435915,0.067864783,"right Field CA1, stratum lacunosum-moleculare",0.99799069,0.579884795,0.907837193,Female-bias,-0.067864783
124,1.014753553,0.314721633,"Field CA1, stratum radiatum",0.99799069,0.586034652,0.742527706,Female-bias,-0.314721633
125,0.771424353,0.380603595,"left Field CA1, stratum radiatum",0.99799069,0.669635942,0.784262124,Female-bias,-0.380603595
126,1.826038568,0.177793793,"right Field CA1, stratum radiatum",0.99799069,0.565775178,0.745756963,Female-bias,-0.177793793
127,0.160410739,0.689113985,"Field CA1, pyramidal layer",0.99799069,0.747293136,0.860463841,Female-bias,-0.689113985
128,1.145201502,0.285567778,"left Field CA1, pyramidal layer",0.99799069,0.759178886,0.921077672,Female-bias,-0.285567778
129,0.084076471,0.772082916,"right Field CA1, pyramidal layer",0.99799069,0.744315091,0.851458605,Female-bias,-0.772082916
130,0.597382843,0.44029416,Field CA2,0.99799069,0.799240129,0.948288661,Female-bias,-0.44029416
131,0.760718464,0.383924257,"Field CA2, pyramidal layer",0.99799069,0.823169356,0.974055242,Female-bias,-0.383924257
132,0.390231428,0.532736315,"left Field CA2, pyramidal layer",0.99799069,0.849148428,0.991903085,Female-bias,-0.532736315
133,0.108482329,0.742149013,"right Field CA2, pyramidal layer",0.99799069,0.87196007,0.939945276,Female-bias,-0.742149013
134,0.021405882,0.883794248,"Field CA2, stratum oriens",0.99799069,0.878467179,0.971337736,Female-bias,-0.883794248
135,0.304033356,0.581847675,"left Field CA2, stratum oriens",0.99799069,0.919344351,0.977169927,Female-bias,-0.581847675
136,0.366084351,0.545684455,"right Field CA2, stratum oriens",0.99799069,0.854781386,1.044115704,Female-bias,-0.545684455
137,1.00912899,0.316063875,"Field CA2, stratum radiatum",0.99799069,0.753179496,0.956099546,Female-bias,-0.316063875
138,0.033509073,0.854900452,"left Field CA2, stratum radiatum",0.99799069,0.860443376,0.895188513,Female-bias,-0.854900452
139,1.569716129,0.211395922,"right Field CA2, stratum radiatum",0.99799069,0.782826023,0.991895061,Female-bias,-0.211395922
140,0.302289723,0.582931735,Field CA3,0.99799069,0.738512815,0.804135199,Female-bias,-0.582931735
141,0.531599768,0.466604186,"Field CA3, pyramidal layer",0.99799069,0.682699755,0.805509601,Female-bias,-0.466604186
142,3.208010859,0.074464432,CA3Py Inner,0.99799069,0.769994054,1.051091045,Female-bias,-0.074464432
143,4.752549411,0.030169731,left CA3Py Inner,0.99799069,0.744504453,1.176429519,Female-bias,-0.030169731
144,0.641268583,0.423997269,right CA3Py Inner,0.99799069,0.846587791,0.928000186,Female-bias,-0.423997269
145,0.329839857,0.566259672,CA3Py Outer,0.99799069,0.691261381,0.782735169,Female-bias,-0.566259672
146,2.315626868,0.129318705,left CA3Py Outer,0.99799069,0.691315234,0.865177607,Female-bias,-0.129318705
148,0.755654293,0.385509395,"Field CA3, stratum oriens",0.99799069,0.786118021,0.890061921,Female-bias,-0.385509395
149,3.88207764,0.049885998,"left Field CA3, stratum oriens",0.99799069,0.752009665,0.997551139,Female-bias,-0.049885998
151,0.202004639,0.653489378,"Field CA3, stratum radiatum",0.99799069,0.716790379,0.853184995,Female-bias,-0.653489378
152,0.071901684,0.788804573,"left Field CA3, stratum radiatum",0.99799069,0.742613767,0.855584736,Female-bias,-0.788804573
153,0.022829133,0.880021712,"right Field CA3, stratum radiatum",0.99799069,0.794095588,0.878674616,Female-bias,-0.880021712
154,0.531436438,0.466672584,"Field CA3, stratum lucidum",0.99799069,0.773043637,0.847422444,Female-bias,-0.466672584
155,0.640443354,0.424295222,"left Field CA3, stratum lucidum",0.99799069,0.779011487,0.839463742,Female-bias,-0.424295222
157,0.878215828,0.349577516,Dentate gyrus,0.99799069,0.751627833,0.990443859,Female-bias,-0.349577516
158,0.578243375,0.447704209,"Dentate gyrus, molecular layer",0.99799069,0.781885067,1.000052369,Female-bias,-0.447704209
159,0.103411794,0.748036574,"left Dentate gyrus, molecular layer",0.99799069,0.840451163,0.971314195,Female-bias,-0.748036574
160,2.200044681,0.139241614,"right Dentate gyrus, molecular layer",0.99799069,0.749947032,1.03203761,Female-bias,-0.139241614
161,1.412469947,0.235752454,"Dentate gyrus, granule cell layer",0.99799069,0.718086054,0.96267929,Female-bias,-0.235752454
162,1.114210827,0.292167478,GrDG,0.99799069,0.732599806,0.960690422,Female-bias,-0.292167478
163,0.552748266,0.457881368,left GrDG,0.99799069,0.755386773,0.971728585,Female-bias,-0.457881368
164,2.293435883,0.131160522,right GrDG,0.99799069,0.719388111,0.967517805,Female-bias,-0.131160522
165,2.016159786,0.156853695,PoDG,0.99799069,0.702097528,0.964430293,Female-bias,-0.156853695
166,2.240083378,0.135710408,left PoDG,0.99799069,0.699636409,1.0057819,Female-bias,-0.135710408
167,1.842723758,0.175832182,right PoDG,0.99799069,0.724048822,0.942580269,Female-bias,-0.175832182
170,0.922916911,0.337620286,"Anterior cingulate area, ventral part",0.99799069,0.88665661,1.077741091,Female-bias,-0.337620286
171,2.121048136,0.146517242,Cingulate cortex: area 24a,0.99799069,0.865285916,1.100168107,Female-bias,-0.146517242
172,2.152426566,0.14357698,left Cingulate cortex: area 24a,0.99799069,0.867134254,1.106644932,Female-bias,-0.14357698
173,1.876909498,0.171890847,right Cingulate cortex: area 24a,0.99799069,0.864616123,1.091398994,Female-bias,-0.171890847
174,0.407582134,0.523772222,Cingulate cortex: area 24a',0.99799069,0.940174538,1.044072341,Female-bias,-0.523772222
175,0.083442133,0.772920509,left Cingulate cortex: area 24a',0.99799069,0.952034334,1.037351944,Female-bias,-0.772920509
176,1.1281232,0.289180875,right Cingulate cortex: area 24a',0.99799069,0.931059028,1.047770783,Female-bias,-0.289180875
182,0.152546553,0.696439649,left Cingulate cortex: area 24b',0.99799069,0.930755555,0.985855481,Female-bias,-0.696439649
190,0.016812924,0.896933964,left Cingulate cortex: area 29a,0.99799069,0.907441103,0.92890775,Female-bias,-0.896933964
193,0.653864131,0.419488296,left Cingulate cortex: area 29b,0.99799069,0.963535256,1.031824525,Female-bias,-0.419488296
198,0.452169228,0.501915463,"Retrosplenial area, dorsal part",0.99799069,0.792450454,0.854753699,Female-bias,-0.501915463
199,0.001493254,0.969205537,"left Retrosplenial area, dorsal part",0.99799069,0.86196314,0.884753249,Female-bias,-0.969205537
200,0.416538973,0.519249385,"right Retrosplenial area, dorsal part",0.99799069,0.781769376,0.844869059,Female-bias,-0.519249385
204,0.078923567,0.778989301,Auditory areas,0.99799069,0.871772902,0.942338655,Female-bias,-0.778989301
205,0.158315439,0.691045106,Primary auditory area,0.99799069,0.871003168,0.933906815,Female-bias,-0.691045106
207,0.65013106,0.420817143,right Primary auditory area,0.99799069,0.798567275,1.021240573,Female-bias,-0.420817143
208,0.097994119,0.754506055,Dorsal auditory area,0.99799069,0.899769835,0.973513219,Female-bias,-0.754506055
209,0.039044821,0.843517314,left Dorsal auditory area,0.99799069,0.901464173,0.966241813,Female-bias,-0.843517314
210,0.609396777,0.435739081,right Dorsal auditory area,0.99799069,0.841276318,1.101543472,Female-bias,-0.435739081
211,0.011930412,0.913108804,Ventral auditory area,0.99799069,0.904313389,0.933142806,Female-bias,-0.913108804
213,0.651243142,0.420420622,right Ventral auditory area,0.99799069,0.88473788,1.0261485,Female-bias,-0.420420622
219,0.152674543,0.696318699,Ectorhinal cortex,0.99799069,0.880175641,0.912492724,Female-bias,-0.696318699
221,4.522595778,0.034410519,right Ectorhinal cortex,0.99799069,0.817411375,1.099750376,Female-bias,-0.034410519
227,0.113686557,0.736262811,Frontal cortex: area 3,0.99799069,0.859537996,0.885923975,Female-bias,-0.736262811
229,0.362793645,0.54749401,right Frontal cortex: area 3,0.99799069,0.842360758,0.862090825,Female-bias,-0.54749401
231,0.053033008,0.818051871,left Primary motor cortex,0.99799069,0.888785561,0.891915164,Female-bias,-0.818051871
232,0.364942946,0.546310849,right Primary motor cortex,0.99799069,0.831859247,0.872671051,Female-bias,-0.546310849
236,0.143898917,0.704751016,"Frontal pole, cerebral cortex",0.99799069,0.7876657,0.886827846,Female-bias,-0.704751016
237,0.005566241,0.940585703,"left Frontal pole, cerebral cortex",0.99799069,0.766935353,0.975496097,Female-bias,-0.940585703
238,0.014422314,0.904504091,"right Frontal pole, cerebral cortex",0.99799069,0.846671773,0.853900195,Female-bias,-0.904504091
243,0.182341174,0.669729259,"Orbital area, medial part",0.99799069,0.897787865,0.936730844,Female-bias,-0.669729259
245,0.435763242,0.509770296,"right Orbital area, medial part",0.99799069,0.923320608,0.982706542,Female-bias,-0.509770296
250,0.400028614,0.527641183,Lateral parietal association cortex,0.99799069,0.700798573,0.771805412,Female-bias,-0.527641183
254,0.81938709,0.366213875,left Medial parietal association cortex,0.99799069,0.781476813,0.87685669,Female-bias,-0.366213875
256,0.846543977,0.358401429,Parietal cortex: posterior area: rostral part,0.99799069,0.869663509,1.030629247,Female-bias,-0.358401429
257,0.176014885,0.675173824,left Parietal cortex: posterior area: rostral part,0.99799069,0.954124196,1.019029878,Female-bias,-0.675173824
258,1.300432157,0.255204224,right Parietal cortex: posterior area: rostral part,0.99799069,0.786811461,0.98415639,Female-bias,-0.255204224
262,0.436337391,0.509491835,Perirhinal area,0.99799069,0.807734677,0.898929366,Female-bias,-0.509491835
264,0.460683178,0.497920386,right Perirhinal area,0.99799069,0.797963704,0.964064596,Female-bias,-0.497920386
265,1.199294152,0.274496071,Somatosensory areas,0.99799069,0.760989993,0.785286326,Female-bias,-0.274496071
266,1.461060152,0.227881139,Primary somatosensory area,0.99799069,0.759815958,0.823756957,Female-bias,-0.227881139
273,1.947492993,0.164071278,"Primary somatosensory area, trunk",0.99799069,0.688155357,0.957095626,Female-bias,-0.164071278
274,2.215997836,0.137822366,Primary somatosensory cortex: dysgranular zone,0.99799069,0.778359943,1.147597466,Female-bias,-0.137822366
275,0.882242674,0.348477007,left Primary somatosensory cortex: dysgranular zone,0.99799069,0.905500391,1.081469702,Female-bias,-0.348477007
276,3.672483299,0.056435567,right Primary somatosensory cortex: dysgranular zone,0.99799069,0.713883005,1.169138838,Female-bias,-0.056435567
277,1.378049598,0.241528857,Primary somatosensory cortex: shoulder region,0.99799069,0.788993152,0.999175247,Female-bias,-0.241528857
278,0.824115153,0.364836839,left Primary somatosensory cortex: shoulder region,0.99799069,0.848432796,1.052987391,Female-bias,-0.364836839
279,3.342687538,0.068672462,right Primary somatosensory cortex: shoulder region,0.99799069,0.680812321,1.035917465,Female-bias,-0.068672462
280,0.033527461,0.85486109,Primary somatosensory cortex: trunk region,0.99799069,0.730131747,0.789292399,Female-bias,-0.85486109
281,0.276781542,0.599275758,left Primary somatosensory cortex: trunk region,0.99799069,0.827151261,0.905758014,Female-bias,-0.599275758
282,0.092824514,0.760865125,right Primary somatosensory cortex: trunk region,0.99799069,0.678885223,0.765883652,Female-bias,-0.760865125
283,0.553951927,0.457392727,"Primary somatosensory area, upper limb",0.99799069,0.89959397,0.952891066,Female-bias,-0.457392727
284,0.253329167,0.615175085,"left Primary somatosensory area, upper limb",0.99799069,0.865004389,1.02893946,Female-bias,-0.615175085
285,0.69910816,0.403866329,"right Primary somatosensory area, upper limb",0.99799069,0.884157032,0.989545431,Female-bias,-0.403866329
287,1.170817491,0.280255499,"left Primary somatosensory area, lower limb",0.99799069,0.774637176,1.023066324,Female-bias,-0.280255499
289,4.371953658,0.037525118,"Primary somatosensory area, mouth",0.99799069,0.755183925,1.190879357,Female-bias,-0.037525118
290,1.326035596,0.250590247,"left Primary somatosensory area, mouth",0.99799069,0.830536196,1.089430783,Female-bias,-0.250590247
291,6.354912726,0.012316372,"right Primary somatosensory area, mouth",0.99799069,0.748410863,1.231479825,Female-bias,-0.012316372
292,6.496892611,0.011392978,"Primary somatosensory area, nose",0.99799069,0.665485741,0.903876679,Female-bias,-0.011392978
293,0.597476009,0.440258555,"left Primary somatosensory area, nose",0.99799069,0.730625981,0.766189076,Female-bias,-0.440258555
294,9.360202891,0.002454036,"right Primary somatosensory area, nose",0.99799069,0.706205974,1.04042169,Female-bias,-0.002454036
295,0.650924161,0.4205343,Supplemental somatosensory area,0.99799069,0.811702604,0.822514673,Female-bias,-0.4205343
297,2.920581923,0.088673005,right Supplemental somatosensory area,0.99799069,0.76858177,0.953214142,Female-bias,-0.088673005
298,0.884520192,0.347856669,Temporal association areas,0.99799069,0.935744129,1.007012937,Female-bias,-0.347856669
300,1.675085123,0.19674967,right Temporal association areas,0.99799069,0.918156345,1.040769879,Female-bias,-0.19674967
302,0.572140642,0.450107768,Primary visual area,0.99799069,0.941426231,1.019284907,Female-bias,-0.450107768
303,0.419994321,0.517522976,left Primary visual area,0.99799069,0.943590938,1.00255331,Female-bias,-0.517522976
311,0.447699916,0.504034572,Anterolateral visual area,0.99799069,0.961315567,1.021696447,Female-bias,-0.504034572
312,0.499458908,0.480383241,left Anterolateral visual area,0.99799069,0.947624547,1.026430078,Female-bias,-0.480383241
313,0.743733291,0.389277893,right Anterolateral visual area,0.99799069,0.939448521,1.044694162,Female-bias,-0.389277893
317,0.0700738,0.791443198,Cerebral nuclei,0.99799069,0.608650344,0.651215196,Female-bias,-0.791443198
318,0.007266334,0.932135257,Pallidum,0.99799069,0.549231063,0.566434156,Female-bias,-0.932135257
322,0.282564905,0.595487746,"Pallidum, caudal region",0.99799069,0.519153872,0.616460786,Female-bias,-0.595487746
323,0.282564905,0.595487746,Bed nuclei of the stria terminalis,0.99799069,0.519153872,0.616460786,Female-bias,-0.595487746
324,0.099479152,0.752713535,left Bed nuclei of the stria terminalis,0.99799069,0.593689211,0.606505608,Female-bias,-0.752713535
325,2.392602783,0.123150634,right Bed nuclei of the stria terminalis,0.99799069,0.494555991,0.664005245,Female-bias,-0.123150634
326,1.566263687,0.211897301,"Pallidum, dorsal region",0.99799069,0.60769826,0.703797229,Female-bias,-0.211897301
327,0.956391349,0.329024616,"left Pallidum, dorsal region",0.99799069,0.623853845,0.712504813,Female-bias,-0.329024616
328,1.612880398,0.205245021,"right Pallidum, dorsal region",0.99799069,0.626158986,0.732862319,Female-bias,-0.205245021
331,0.17436579,0.676611954,left Medial septal complex,0.99799069,0.794968444,0.803837286,Female-bias,-0.676611954
333,0.138801321,0.709785042,Striatum,0.99799069,0.645997138,0.692570269,Female-bias,-0.709785042
338,0.833948003,0.361995998,Nucleus accumbens,0.99799069,0.54417283,0.554465714,Female-bias,-0.361995998
340,2.291365584,0.131333848,right Nucleus accumbens,0.99799069,0.503960518,0.624855149,Female-bias,-0.131333848
342,0.04044835,0.840766829,left Olfactory tubercle,0.99799069,0.911360527,0.93672806,Female-bias,-0.840766829
347,0.078914681,0.779001419,Striatum dorsal region,0.99799069,0.672522299,0.738282713,Female-bias,-0.779001419
348,0.078914681,0.779001419,Caudoputamen,0.99799069,0.672522299,0.738282713,Female-bias,-0.779001419
349,0.189816243,0.663438169,left Caudoputamen,0.99799069,0.661129862,0.710510232,Female-bias,-0.663438169
350,0.205828509,0.65044267,right Caudoputamen,0.99799069,0.700728971,0.796284023,Female-bias,-0.65044267
351,0.01094012,0.916779383,Striatum-like amygdalar nuclei,0.99799069,0.550868048,0.569216983,Female-bias,-0.916779383
352,0.01094012,0.916779383,Medial amygdalar nucleus,0.99799069,0.550868048,0.569216983,Female-bias,-0.916779383
353,0.331997851,0.564993242,left Medial amygdalar nucleus,0.99799069,0.593419848,0.66388393,Female-bias,-0.564993242
384,3.535702667,0.06120068,"Pons, behavioral state related",0.99799069,0.767673517,1.123811059,Female-bias,-0.06120068
385,3.535702667,0.06120068,Pontine reticular nucleus,0.99799069,0.767673517,1.123811059,Female-bias,-0.06120068
386,2.861026179,0.091971264,left Pontine reticular nucleus,0.99799069,0.789476384,1.106434526,Female-bias,-0.091971264
387,3.080711116,0.080426702,right Pontine reticular nucleus,0.99799069,0.751950341,1.141736825,Female-bias,-0.080426702
388,0.271579335,0.602726564,"Pons, sensory related",0.99799069,0.96743829,0.985945623,Female-bias,-0.602726564
389,0.271579335,0.602726564,Superior olivary complex,0.99799069,0.96743829,0.985945623,Female-bias,-0.602726564
391,1.359943865,0.244636734,right Superior olivary complex,0.99799069,0.915411453,1.045681044,Female-bias,-0.244636734
392,0.058112463,0.809698248,Interbrain,0.99799069,0.790154092,0.862116471,Female-bias,-0.809698248
393,1.14375158,0.285872279,Hypothalamus,0.99799069,0.721257302,0.81758479,Female-bias,-0.285872279
394,0.614841431,0.433698485,Hypothalamus-other,0.99799069,0.712896684,0.777505822,Female-bias,-0.433698485
395,0.565607254,0.452703391,left Hypothalamus-other,0.99799069,0.686274678,0.770231692,Female-bias,-0.452703391
396,0.310542286,0.577836416,right Hypothalamus-other,0.99799069,0.747256952,0.794610998,Female-bias,-0.577836416
397,3.345144864,0.0685714,Hypothalamic medial zone,0.99799069,0.781780245,1.166812377,Female-bias,-0.0685714
398,3.911290079,0.049039427,Mammillary body,0.99799069,0.767748721,1.098078427,Female-bias,-0.049039427
399,4.025152831,0.045882529,left Mammillary body,0.99799069,0.748200767,1.149383132,Female-bias,-0.045882529
400,2.594646754,0.108462434,right Mammillary body,0.99799069,0.791122444,1.058621637,Female-bias,-0.108462434
401,0.766438385,0.382145001,Medial preoptic nucleus,0.99799069,0.556109204,0.613706255,Female-bias,-0.382145001
402,1.036218569,0.309667387,left Medial preoptic nucleus,0.99799069,0.609341732,0.742145677,Female-bias,-0.309667387
403,0.522256197,0.470543101,right Medial preoptic nucleus,0.99799069,0.591160023,0.609718602,Female-bias,-0.470543101
404,0.067261424,0.795575939,Thalamus,0.99799069,0.827715545,0.931090765,Female-bias,-0.795575939
405,0.128165199,0.720638223,left Thalamus,0.99799069,0.833573536,0.915856423,Female-bias,-0.720638223
406,0.126813452,0.722053556,right Thalamus,0.99799069,0.821241105,0.956924988,Female-bias,-0.722053556
417,0.784819835,0.376505762,Declive (VI),0.99799069,0.802768929,0.881587133,Female-bias,-0.376505762
418,1.28833066,0.257421579,Folium-tuber vermis (VII),0.99799069,0.90908841,1.016041975,Female-bias,-0.257421579
419,1.23512775,0.267458874,Pyramus (VIII),0.99799069,0.884118887,1.059716216,Female-bias,-0.267458874
420,0.932711719,0.335074293,Uvula (IX),0.99799069,0.808998891,0.985714612,Female-bias,-0.335074293
421,3.303724464,0.070296502,Nodulus (X),0.99799069,0.881867664,1.022103578,Female-bias,-0.070296502
430,0.171616001,0.679027842,Crus 2,0.99799069,0.84969165,0.854767571,Female-bias,-0.679027842
431,0.017837305,0.893858723,left Crus 2,0.99799069,0.844307336,0.923569805,Female-bias,-0.893858723
433,0.104233044,0.747072331,Paramedian lobule,0.99799069,0.779616751,0.841559286,Female-bias,-0.747072331
434,0.325367389,0.568902014,left Paramedian lobule,0.99799069,0.769259051,0.905484387,Female-bias,-0.568902014
435,0.217195067,0.641583335,right Paramedian lobule,0.99799069,0.840316613,0.859932358,Female-bias,-0.641583335
436,0.068300578,0.794038353,Copula pyramidis,0.99799069,0.817352925,0.860539516,Female-bias,-0.794038353
437,0.570757313,0.450655395,left Copula pyramidis,0.99799069,0.762560934,0.853526036,Female-bias,-0.450655395
441,0.19107958,0.662389559,right Flocculus,0.99799069,0.881092066,0.930256335,Female-bias,-0.662389559
442,0.659425597,0.417520201,Paraflocculus,0.99799069,0.86524984,0.994415074,Female-bias,-0.417520201
444,0.232863839,0.629822398,right Paraflocculus,0.99799069,0.87464171,1.002943314,Female-bias,-0.629822398
2,0.168159932,0.682096643,Basic cell groups and regions,0.99799069,0.7649813,0.760365508,Male-bias,0.682096643
3,0.181581831,0.670376818,Cerebrum,0.99799069,0.754238676,0.750941168,Male-bias,0.670376818
4,0.03120021,0.85993467,Cerebral cortex,0.99799069,0.804679599,0.788573907,Male-bias,0.85993467
7,0.24836771,0.618656345,left Cortical subplate-other,0.99799069,0.882061753,0.863774559,Male-bias,0.618656345
9,1.219388753,0.270521539,Claustrum,0.99799069,0.794099065,0.674349206,Male-bias,0.270521539
10,0.000630635,0.97998491,Claustrum-other,0.99799069,0.986566414,0.843458498,Male-bias,0.97998491
11,0.331054368,0.565546253,left Claustrum-other,0.99799069,1.072794445,0.884785751,Male-bias,0.565546253
16,0.511895093,0.474974219,Claustrum: ventral part,0.99799069,0.770581755,0.678652349,Male-bias,0.474974219
17,0.28890819,0.591389779,left Claustrum: ventral part,0.99799069,0.766732848,0.718045443,Male-bias,0.591389779
18,1.207569397,0.272850463,right Claustrum: ventral part,0.99799069,0.919958027,0.781486138,Male-bias,0.272850463
19,0.003016401,0.956243792,Endopiriform nucleus,0.99799069,0.89751086,0.834504688,Male-bias,0.956243792
20,0.200744265,0.65450119,"Endopiriform nucleus, dorsal part",0.99799069,0.908500264,0.769082984,Male-bias,0.65450119
21,0.385628011,0.535161175,Dorsal nucleus of the endopiriform,0.99799069,0.945604552,0.801206485,Male-bias,0.535161175
23,0.618705166,0.432259236,right Dorsal nucleus of the endopiriform,0.99799069,1.00495387,0.806217251,Male-bias,0.432259236
24,0.189759468,0.663485391,Intermediate nucleus of the endopiriform claustrum,0.99799069,0.886060099,0.728927393,Male-bias,0.663485391
25,4.89E-05,0.994424984,left Intermediate nucleus of the endopiriform claustrum,0.99799069,0.868805253,0.745572316,Male-bias,0.994424984
26,9.19E-05,0.992357933,right Intermediate nucleus of the endopiriform claustrum,0.99799069,0.941276649,0.812393881,Male-bias,0.992357933
29,0.430952626,0.512113837,"right Endopiriform nucleus, ventral part",0.99799069,1.063352934,0.897388139,Male-bias,0.512113837
30,0.011597421,0.914325237,Cortical plate,0.99799069,0.810067608,0.788451346,Male-bias,0.914325237
31,0.786527844,0.375987748,Olfactory areas,0.99799069,0.863665465,0.825499595,Male-bias,0.375987748
32,0.295385092,0.587264929,Olfactory areas-other,0.99799069,0.982288952,0.915433127,Male-bias,0.587264929
33,0.068867235,0.79320516,left Olfactory areas-other,0.99799069,0.980517172,0.920357055,Male-bias,0.79320516
34,0.537486862,0.464149543,right Olfactory areas-other,0.99799069,0.967741898,0.932540241,Male-bias,0.464149543
36,0.084108724,0.77204042,left Postpiriform transition area,0.99799069,0.815952332,0.778540348,Male-bias,0.77204042
41,0.234692325,0.628481997,right Cortex-amygdala transition zones,0.99799069,1.025489286,0.948985416,Male-bias,0.628481997
44,0.030539979,0.861409316,right Piriform cortex,0.99799069,0.92655081,0.895580042,Male-bias,0.861409316
45,0.220893409,0.638761712,Taenia tecta,0.99799069,1.067793946,0.879605696,Male-bias,0.638761712
46,0.167656746,0.682546511,"Taenia tecta, dorsal part",0.99799069,1.055430384,0.888609975,Male-bias,0.682546511
47,0.01658849,0.897620348,"left Taenia tecta, dorsal part",0.99799069,1.081502467,0.881029087,Male-bias,0.897620348
48,1.759425501,0.18588291,"right Taenia tecta, dorsal part",0.99799069,1.070828024,0.85878781,Male-bias,0.18588291
49,3.116464783,0.078701592,"Taenia tecta, ventral part",0.99799069,1.112323017,0.761312029,Male-bias,0.078701592
50,1.398770578,0.238031075,"left Taenia tecta, ventral part",0.99799069,1.040713596,0.814518499,Male-bias,0.238031075
51,1.481323841,0.224692696,"right Taenia tecta, ventral part",0.99799069,1.113116866,0.816785086,Male-bias,0.224692696
52,0.046307382,0.829790024,Cortical amygdalar area,0.99799069,0.999711431,0.855681451,Male-bias,0.829790024
53,0.046307382,0.829790024,"Cortical amygdalar area, posterior part",0.99799069,0.999711431,0.855681451,Male-bias,0.829790024
54,0.58151429,0.446424191,"Cortical amygdalar area, posterior part, lateral zone",0.99799069,1.028842005,0.86288961,Male-bias,0.446424191
56,3.567817538,0.060044461,"right Cortical amygdalar area, posterior part, lateral zone",0.99799069,1.105587486,0.792499906,Male-bias,0.060044461
57,0.07252923,0.787906989,"Cortical amygdalar area, posterior part, medial zone",0.99799069,1.035124024,0.824622702,Male-bias,0.787906989
58,0.799881226,0.371972241,"left Cortical amygdalar area, posterior part, medial zone",0.99799069,1.098710449,0.773555626,Male-bias,0.371972241
59,0.492447283,0.483477626,"right Cortical amygdalar area, posterior part, medial zone",0.99799069,1.030434565,0.875868326,Male-bias,0.483477626
61,0.679944431,0.410376507,left Piriform-amygdalar area,0.99799069,0.983080047,0.883717081,Male-bias,0.410376507
63,0.42562386,0.514731765,Main olfactory bulb,0.99799069,0.797034008,0.763155633,Male-bias,0.514731765
64,0.084310163,0.771775209,"Main olfactory bulb, glomerular layer",0.99799069,1.033773157,0.805860265,Male-bias,0.771775209
65,0.014545147,0.904100257,"left Main olfactory bulb, glomerular layer",0.99799069,1.069220956,0.777934609,Male-bias,0.904100257
66,0.205297662,0.650863577,"right Main olfactory bulb, glomerular layer",0.99799069,0.956114723,0.911321424,Male-bias,0.650863577
70,0.321002195,0.571504307,"Main olfactory bulb, mitral layer",0.99799069,0.898440782,0.871029109,Male-bias,0.571504307
71,0.066730046,0.796367094,"left Main olfactory bulb, mitral layer",0.99799069,0.91822143,0.869218934,Male-bias,0.796367094
73,0.125441743,0.72349851,"Main olfactory bulb, inner plexiform layer",0.99799069,0.905950132,0.836967075,Male-bias,0.72349851
74,0.012360863,0.91156153,"left Main olfactory bulb, inner plexiform layer",0.99799069,0.923622717,0.86128928,Male-bias,0.91156153
76,0.409160199,0.522970306,"Main olfactory bulb, granule layer",0.99799069,0.695309441,0.687171552,Male-bias,0.522970306
77,0.111712196,0.738477903,"left Main olfactory bulb, granule layer",0.99799069,0.821269707,0.692209772,Male-bias,0.738477903
79,0.056367304,0.812523168,Accessory olfactory bulb,0.99799069,0.995200984,0.90548073,Male-bias,0.812523168
82,0.313604288,0.575968432,"right Accessory olfactory bulb, glomerular layer",0.99799069,0.964385077,0.923131831,Male-bias,0.575968432
83,0.334594771,0.563476479,"Accessory olfactory bulb, granular layer",0.99799069,1.070028518,0.838991801,Male-bias,0.563476479
84,1.14792519,0.284996887,"left Accessory olfactory bulb, granular layer",0.99799069,1.099585292,0.790977552,Male-bias,0.284996887
85,1.145713899,0.285460267,"right Accessory olfactory bulb, granular layer",0.99799069,1.09507164,0.835040535,Male-bias,0.285460267
86,0.422121223,0.516465314,Anterior olfactory nucleus,0.99799069,1.133983957,0.787115895,Male-bias,0.516465314
87,0.00421222,0.948303185,left Anterior olfactory nucleus,0.99799069,1.028723574,0.933451199,Male-bias,0.948303185
88,3.327292321,0.069309279,right Anterior olfactory nucleus,0.99799069,1.160435447,0.741760119,Male-bias,0.069309279
91,0.069110714,0.792848284,Subiculum,0.99799069,0.987004077,0.937788354,Male-bias,0.792848284
92,0.101490296,0.750309271,pre-para subiculum,0.99799069,1.108277732,0.863670551,Male-bias,0.750309271
93,0.428069229,0.513527508,left pre-para subiculum,0.99799069,1.206690064,0.758040735,Male-bias,0.513527508
94,0.023458603,0.878391641,right pre-para subiculum,0.99799069,1.007024254,0.971967287,Male-bias,0.878391641
112,0.055912397,0.813267102,"Entorhinal area, medial part, ventral zone",0.99799069,1.0261905,0.887684983,Male-bias,0.813267102
113,0.000238473,0.987691165,"left Entorhinal area, medial part, ventral zone",0.99799069,1.036555987,0.901842192,Male-bias,0.987691165
114,2.04701741,0.153728972,"right Entorhinal area, medial part, ventral zone",0.99799069,1.049494512,0.875747286,Male-bias,0.153728972
147,0.089312825,0.765295983,right CA3Py Outer,0.99799069,0.80663798,0.73178834,Male-bias,0.765295983
150,0.0038212,0.950757902,"right Field CA3, stratum oriens",0.99799069,0.859858844,0.827164222,Male-bias,0.950757902
156,0.059307206,0.807790099,"right Field CA3, stratum lucidum",0.99799069,0.914426713,0.833040195,Male-bias,0.807790099
168,0.511584532,0.475108082,Isocortex,0.99799069,0.85859788,0.738745081,Male-bias,0.475108082
169,0.007274531,0.932097084,Anterior cingulate area,0.99799069,1.008022123,0.93180548,Male-bias,0.932097084
177,1.488232786,0.223617903,"Anterior cingulate area, dorsal part",0.99799069,1.057786139,0.843671416,Male-bias,0.223617903
178,0.762345403,0.383416979,Cingulate cortex: area 24b,0.99799069,1.051133401,0.875250249,Male-bias,0.383416979
179,1.490900695,0.223204526,left Cingulate cortex: area 24b,0.99799069,1.107227596,0.819112138,Male-bias,0.223204526
180,0.036947562,0.847724833,right Cingulate cortex: area 24b,0.99799069,0.982177898,0.961871154,Male-bias,0.847724833
181,0.068848801,0.793232208,Cingulate cortex: area 24b',0.99799069,0.957715938,0.906533502,Male-bias,0.793232208
183,0.696006115,0.404909809,right Cingulate cortex: area 24b',0.99799069,0.995352504,0.857147087,Male-bias,0.404909809
184,0.456488032,0.499882126,Infralimbic area,0.99799069,1.041390784,0.865737366,Male-bias,0.499882126
185,1.228820728,0.268680917,left Infralimbic area,0.99799069,1.043010713,0.803067582,Male-bias,0.268680917
186,0.000468684,0.982744787,right Infralimbic area,0.99799069,1.034876663,0.926799827,Male-bias,0.982744787
187,0.000569564,0.980978527,Retrosplenial area,0.99799069,0.931317419,0.838662603,Male-bias,0.980978527
188,0.697593184,0.404375451,"Retrosplenial area, ventral part",0.99799069,1.043628685,0.88914377,Male-bias,0.404375451
189,0.031813349,0.858579548,Cingulate cortex: area 29a,0.99799069,1.00683808,0.858614494,Male-bias,0.858579548
191,0.66065308,0.417087675,right Cingulate cortex: area 29a,0.99799069,1.098333849,0.825026015,Male-bias,0.417087675
192,0.028598707,0.865842992,Cingulate cortex: area 29b,0.99799069,1.065282591,0.926234519,Male-bias,0.865842992
194,1.805909518,0.180194179,right Cingulate cortex: area 29b,0.99799069,1.157142877,0.82624415,Male-bias,0.180194179
195,0.423760347,0.515652797,Cingulate cortex: area 29c,0.99799069,0.984452559,0.949305225,Male-bias,0.515652797
196,0.006932082,0.933710819,left Cingulate cortex: area 29c,0.99799069,0.997848458,0.932099607,Male-bias,0.933710819
197,0.365149292,0.546197509,right Cingulate cortex: area 29c,0.99799069,0.992106813,0.952499071,Male-bias,0.546197509
201,0.958316232,0.328539282,Prelimbic area,0.99799069,0.882884812,0.769403708,Male-bias,0.328539282
202,0.655183778,0.419020048,left Prelimbic area,0.99799069,0.885574958,0.800611297,Male-bias,0.419020048
203,0.510736562,0.4754739,right Prelimbic area,0.99799069,0.89880604,0.806687374,Male-bias,0.4754739
206,0.054441253,0.815695076,left Primary auditory area,0.99799069,0.947905396,0.923393539,Male-bias,0.815695076
212,1.620670186,0.204157736,left Ventral auditory area,0.99799069,1.048864969,0.809963143,Male-bias,0.204157736
214,0.134156908,0.714464062,Agranular insular area,0.99799069,0.940707398,0.786208772,Male-bias,0.714464062
215,0.134156908,0.714464062,"Agranular insular area, dorsal part",0.99799069,0.940707398,0.786208772,Male-bias,0.714464062
216,0.055267883,0.814326607,"left Agranular insular area, dorsal part",0.99799069,0.897109524,0.858012311,Male-bias,0.814326607
217,0.000978103,0.975074981,"right Agranular insular area, dorsal part",0.99799069,0.932750394,0.873675745,Male-bias,0.975074981
218,1.780340488,0.183297818,Ectorhinal area,0.99799069,0.83986244,0.674174204,Male-bias,0.183297818
220,0.614190669,0.433941615,left Ectorhinal cortex,0.99799069,0.980289163,0.784128893,Male-bias,0.433941615
222,2.738993968,0.099156608,Insular region: not subdivided,0.99799069,0.837295852,0.624505412,Male-bias,0.099156608
223,2.709265099,0.100998864,left Insular region: not subdivided,0.99799069,0.925145629,0.659094121,Male-bias,0.100998864
224,0.022445313,0.881026952,right Insular region: not subdivided,0.99799069,0.77166823,0.751590657,Male-bias,0.881026952
225,1.077862691,0.300159617,Somatomotor areas,0.99799069,0.894046034,0.722188076,Male-bias,0.300159617
226,0.006010613,0.938264199,Primary motor area,0.99799069,0.849474497,0.845919287,Male-bias,0.938264199
228,0.231934347,0.630506268,left Frontal cortex: area 3,0.99799069,0.932595582,0.906202344,Male-bias,0.630506268
230,0.000266679,0.986983652,Primary motor cortex,0.99799069,0.860890904,0.843305467,Male-bias,0.986983652
233,1.542038385,0.215455592,Secondary motor area,0.99799069,0.902816347,0.724326433,Male-bias,0.215455592
234,0.534264035,0.46549074,left Secondary motor area,0.99799069,0.960023168,0.799155533,Male-bias,0.46549074
235,0.196616574,0.657841797,right Secondary motor area,0.99799069,0.840547928,0.749593036,Male-bias,0.657841797
239,0.901074283,0.343392577,Orbital area,0.99799069,1.03472495,0.761126586,Male-bias,0.343392577
240,0.348225515,0.555641896,"Orbital area, lateral part",0.99799069,1.021293552,0.788847418,Male-bias,0.555641896
241,0.139442992,0.709145632,"left Orbital area, lateral part",0.99799069,1.011045003,0.844821903,Male-bias,0.709145632
242,0.603993662,0.437778672,"right Orbital area, lateral part",0.99799069,0.997106835,0.798693591,Male-bias,0.437778672
244,6.35E-06,0.99799069,"left Orbital area, medial part",0.99799069,0.923626338,0.896500537,Male-bias,0.99799069
246,2.67200469,0.103361168,"Orbital area, ventrolateral part",0.99799069,1.10726503,0.765455655,Male-bias,0.103361168
247,1.122516966,0.290379655,"left Orbital area, ventrolateral part",0.99799069,1.050806452,0.827681202,Male-bias,0.290379655
248,1.370693371,0.242785701,"right Orbital area, ventrolateral part",0.99799069,1.064656358,0.865443088,Male-bias,0.242785701
249,0.10732426,0.743480035,Posterior parietal association areas,0.99799069,0.918880387,0.776912681,Male-bias,0.743480035
251,0.037426983,0.84675231,left Lateral parietal association cortex,0.99799069,0.862882166,0.834957791,Male-bias,0.84675231
252,0.020486347,0.886300133,right Lateral parietal association cortex,0.99799069,0.707818468,0.707117769,Male-bias,0.886300133
253,0.013139075,0.908831928,Medial parietal association cortex,0.99799069,0.773888565,0.757456034,Male-bias,0.908831928
255,0.091403976,0.762646272,right Medial parietal association cortex,0.99799069,0.800816008,0.73483717,Male-bias,0.762646272
259,2.363042007,0.125479579,Secondary visual cortex: mediomedial area,0.99799069,1.043778523,0.827996699,Male-bias,0.125479579
260,1.015745681,0.314485649,left Secondary visual cortex: mediomedial area,0.99799069,1.049979619,0.889442256,Male-bias,0.314485649
261,3.567695249,0.060048819,right Secondary visual cortex: mediomedial area,0.99799069,1.07923538,0.736265436,Male-bias,0.060048819
263,0.143906288,0.704743811,left Perirhinal area,0.99799069,0.884671811,0.880310223,Male-bias,0.704743811
267,0.211894598,0.645678754,Primary somatosensory area-other,0.99799069,0.929456966,0.788684805,Male-bias,0.645678754
268,0.336647461,0.562283131,left Primary somatosensory area-other,0.99799069,0.934621493,0.815600426,Male-bias,0.562283131
269,0.417198237,0.518919212,right Primary somatosensory area-other,0.99799069,0.925115133,0.87552183,Male-bias,0.518919212
270,0.5085268,0.476429363,"Primary somatosensory area, barrel field",0.99799069,0.856211277,0.745433343,Male-bias,0.476429363
271,0.429714662,0.512719954,"left Primary somatosensory area, barrel field",0.99799069,0.908794335,0.782048877,Male-bias,0.512719954
272,0.456569149,0.499844069,"right Primary somatosensory area, barrel field",0.99799069,0.854406962,0.797297169,Male-bias,0.499844069
286,0.022715272,0.88031901,"Primary somatosensory area, lower limb",0.99799069,0.855187811,0.840882463,Male-bias,0.88031901
288,0.10776893,0.742968018,"right Primary somatosensory area, lower limb",0.99799069,0.896188001,0.802303248,Male-bias,0.742968018
296,0.065062681,0.798871645,left Supplemental somatosensory area,0.99799069,0.862194953,0.801477794,Male-bias,0.798871645
299,0.000658369,0.979549631,left Temporal association areas,0.99799069,0.99879353,0.940216628,Male-bias,0.979549631
301,0.112350856,0.737759006,Visual areas,0.99799069,1.063843751,0.916457243,Male-bias,0.737759006
304,0.003516737,0.952757948,right Primary visual area,0.99799069,1.006575321,0.965646851,Male-bias,0.952757948
305,0.226198777,0.634763979,Lateral visual area,0.99799069,1.085141615,0.82951366,Male-bias,0.634763979
306,0.878774447,0.349424566,left Lateral visual area,0.99799069,1.186811721,0.772727236,Male-bias,0.349424566
307,0.222292763,0.637701608,right Lateral visual area,0.99799069,0.948392601,0.910342711,Male-bias,0.637701608
308,1.015832444,0.314465023,posteromedial visual area,0.99799069,1.075274538,0.87556348,Male-bias,0.314465023
309,1.06998087,0.301929743,left posteromedial visual area,0.99799069,1.103361228,0.857232536,Male-bias,0.301929743
310,1.217941476,0.270805369,right posteromedial visual area,0.99799069,1.055024672,0.901222922,Male-bias,0.270805369
314,4.290471093,0.039332385,Anteromedial visual area,0.99799069,1.077934772,0.769120736,Male-bias,0.039332385
315,0.815885749,0.367238301,left Anteromedial visual area,0.99799069,1.025947665,0.890142842,Male-bias,0.367238301
316,4.262530606,0.039973061,right Anteromedial visual area,0.99799069,1.097984312,0.727698801,Male-bias,0.039973061
319,0.265972539,0.60649316,"Pallidum, ventral region",0.99799069,0.527649097,0.489884586,Male-bias,0.60649316
320,0.490148093,0.484499478,"left Pallidum, ventral region",0.99799069,0.530406694,0.474585639,Male-bias,0.484499478
321,0.005457137,0.941169803,"right Pallidum, ventral region",0.99799069,0.575427986,0.526070743,Male-bias,0.941169803
329,0.030958581,0.860472471,"Pallidum, medial region",0.99799069,0.817624223,0.782292568,Male-bias,0.860472471
330,0.030958581,0.860472471,Medial septal complex,0.99799069,0.817624223,0.782292568,Male-bias,0.860472471
332,0.261076216,0.609823827,right Medial septal complex,0.99799069,0.879844064,0.759292566,Male-bias,0.609823827
334,0.140759863,0.707838638,Striatum ventral region,0.99799069,0.715119242,0.574715069,Male-bias,0.707838638
335,1.19915741,0.274523368,Fundus of striatum,0.99799069,0.601094882,0.498994748,Male-bias,0.274523368
336,1.627906247,0.203153846,left Fundus of striatum,0.99799069,0.681570168,0.525738099,Male-bias,0.203153846
337,0.691030075,0.406591939,right Fundus of striatum,0.99799069,0.75689672,0.601176844,Male-bias,0.406591939
339,0.033809694,0.854258334,left Nucleus accumbens,0.99799069,0.626515128,0.519270434,Male-bias,0.854258334
341,0.000110602,0.991617245,Olfactory tubercle,0.99799069,0.935900761,0.857312955,Male-bias,0.991617245
343,0.020026227,0.887575594,right Olfactory tubercle,0.99799069,0.983754527,0.783831389,Male-bias,0.887575594
344,7.45E-05,0.993120188,Lateral septal complex,0.99799069,0.942856712,0.831160177,Male-bias,0.993120188
345,0.006258162,0.937008332,left Lateral septal complex,0.99799069,0.962350492,0.853921304,Male-bias,0.937008332
346,0.178505698,0.673016609,right Lateral septal complex,0.99799069,0.946744608,0.809399451,Male-bias,0.673016609
354,0.961395109,0.327764963,right Medial amygdalar nucleus,0.99799069,0.616715172,0.555569365,Male-bias,0.327764963
355,0.393072869,0.531249491,Brain stem,0.99799069,0.97127647,0.736434753,Male-bias,0.531249491
356,0.329307997,0.566572644,Midbrain,0.99799069,0.862151952,0.659821066,Male-bias,0.566572644
357,0.723420589,0.395822103,"Midbrain, sensory related",0.99799069,0.92122159,0.597383997,Male-bias,0.395822103
358,0.863846699,0.353543441,Inferior colliculus,0.99799069,1.154143709,0.677448675,Male-bias,0.353543441
359,1.298431682,0.255569133,left Inferior colliculus,0.99799069,1.220239573,0.623508509,Male-bias,0.255569133
360,0.120022373,0.729295919,right Inferior colliculus,0.99799069,1.069917023,0.764622582,Male-bias,0.729295919
361,0.401007013,0.527137166,"Superior colliculus, sensory related",0.99799069,0.74965218,0.550211781,Male-bias,0.527137166
362,0.379860426,0.538227744,"left Superior colliculus, sensory related",0.99799069,0.818266113,0.557358041,Male-bias,0.538227744
363,0.500411274,0.479965456,"right Superior colliculus, sensory related",0.99799069,0.699973174,0.563476346,Male-bias,0.479965456
364,0.678724703,0.410796081,"Midbrain, behavioral state related",0.99799069,1.078648216,0.899264386,Male-bias,0.410796081
365,0.678724703,0.410796081,Midbrain raphe nuclei,0.99799069,1.078648216,0.899264386,Male-bias,0.410796081
366,0.678724703,0.410796081,Interpeduncular nucleus,0.99799069,1.078648216,0.899264386,Male-bias,0.410796081
367,0.003728259,0.951359675,Midbrain-other,0.99799069,0.790807491,0.745135868,Male-bias,0.951359675
368,0.70435359,0.402110772,"Midbrain, motor related",0.99799069,0.98151077,0.687476029,Male-bias,0.402110772
369,0.70435359,0.402110772,Periaqueductal gray,0.99799069,0.98151077,0.687476029,Male-bias,0.402110772
370,0.246551125,0.619941836,Hindbrain,0.99799069,1.121142095,0.775298068,Male-bias,0.619941836
371,0.226042758,0.634880719,Medulla,0.99799069,1.080196632,0.815924741,Male-bias,0.634880719
372,0.023248214,0.878933944,"Medulla, sensory related",0.99799069,1.056530876,0.939922937,Male-bias,0.878933944
373,0.023248214,0.878933944,Dorsal column nuclei,0.99799069,1.056530876,0.939922937,Male-bias,0.878933944
374,0.023248214,0.878933944,Cuneate nucleus,0.99799069,1.056530876,0.939922937,Male-bias,0.878933944
375,0.032676881,0.856693677,left Cuneate nucleus,0.99799069,1.100052418,0.894292233,Male-bias,0.856693677
376,0.173627907,0.677258029,right Cuneate nucleus,0.99799069,1.018017101,0.977099203,Male-bias,0.677258029
377,1.310451138,0.253386314,"Medulla, motor related",0.99799069,0.931437111,0.637704205,Male-bias,0.253386314
378,1.310451138,0.253386314,Inferior olivary complex,0.99799069,0.931437111,0.637704205,Male-bias,0.253386314
379,0.864444933,0.3533771,left Inferior olivary complex,0.99799069,0.926987914,0.65748611,Male-bias,0.3533771
380,1.997098013,0.158820168,right Inferior olivary complex,0.99799069,0.943293861,0.646680932,Male-bias,0.158820168
381,0.269608757,0.604044705,Medulla-other,0.99799069,1.085683173,0.796854666,Male-bias,0.604044705
382,0.322376774,0.570682345,Pons,0.99799069,1.186149965,0.71680527,Male-bias,0.570682345
383,0.524562815,0.469565742,Pons-other,0.99799069,1.211489587,0.674071884,Male-bias,0.469565742
390,0.035058572,0.851621869,left Superior olivary complex,0.99799069,1.024921888,0.911982094,Male-bias,0.851621869
407,0.14735504,0.701395777,Cerebellum,0.99799069,0.919054729,0.787705519,Male-bias,0.701395777
408,0.180248727,0.671517558,Cerebellar cortex,0.99799069,0.912473242,0.793930938,Male-bias,0.671517558
409,0.002539557,0.959847856,Vermal regions,0.99799069,1.035633647,0.791817428,Male-bias,0.959847856
410,3.646319001,0.057315438,Lingula (I),0.99799069,1.404398178,0.540775761,Male-bias,0.057315438
411,1.62142152,0.204053227,Central lobule,0.99799069,1.129200965,0.737908325,Male-bias,0.204053227
412,0.293322335,0.588572203,Culmen,0.99799069,1.116518106,0.745865032,Male-bias,0.588572203
413,0.016715557,0.897231165,Culmen-other,0.99799069,1.132848976,0.741713114,Male-bias,0.897231165
414,0.262890364,0.608585207,Lobules IV-V,0.99799069,1.015776611,0.880585699,Male-bias,0.608585207
415,0.934210473,0.334686995,left Lobules IV-V,0.99799069,1.078415624,0.795274365,Male-bias,0.334686995
416,0.08254381,0.774112598,right Lobules IV-V,0.99799069,0.983726268,0.960729707,Male-bias,0.774112598
422,0.643200625,0.423300924,Hemispheric regions,0.99799069,0.817891814,0.796860538,Male-bias,0.423300924
423,0.58673033,0.444394722,Simple lobule,0.99799069,0.830994219,0.772111282,Male-bias,0.444394722
424,0.415200317,0.519920952,left Simple lobule,0.99799069,0.886191668,0.811378415,Male-bias,0.519920952
425,1.205719063,0.273217338,right Simple lobule,0.99799069,0.782646328,0.756144099,Male-bias,0.273217338
426,0.020635476,0.885889887,Ansiform lobule,0.99799069,0.896054893,0.809697753,Male-bias,0.885889887
427,0.018522665,0.891851189,Crus 1,0.99799069,0.993167626,0.752923929,Male-bias,0.891851189
428,0.438218726,0.508581236,left Crus 1,0.99799069,0.916611283,0.829329827,Male-bias,0.508581236
429,0.020082545,0.887418683,right Crus 1,0.99799069,1.068506569,0.716450473,Male-bias,0.887418683
432,0.100971369,0.750927103,right Crus 2,0.99799069,0.874504063,0.830714861,Male-bias,0.750927103
438,0.001829838,0.965913088,right Copula pyramidis,0.99799069,0.929872073,0.877958638,Male-bias,0.965913088
439,0.011499721,0.914685482,Flocculus,0.99799069,0.914340052,0.809320709,Male-bias,0.914685482
440,2.95427767,0.086864207,left Flocculus,0.99799069,1.026926208,0.716944195,Male-bias,0.086864207
443,0.202029166,0.653469726,left Paraflocculus,0.99799069,0.975439092,0.927463911,Male-bias,0.653469726
445,2.386571705,0.123621846,Cerebellar nuclei,0.99799069,1.18169763,0.601404787,Male-bias,0.123621846
446,2.662278902,0.103987743,Dentate nucleus,0.99799069,1.13679991,0.605085088,Male-bias,0.103987743
447,0.489634653,0.484728159,left Dentate nucleus,0.99799069,0.801001296,0.763167423,Male-bias,0.484728159
448,3.210618924,0.074347392,right Dentate nucleus,0.99799069,1.404231805,0.463185731,Male-bias,0.074347392
449,1.307104264,0.253991806,Interposed nucleus,0.99799069,1.126211967,0.616258399,Male-bias,0.253991806
450,0.980574308,0.322995743,left Interposed nucleus,0.99799069,1.086763841,0.665367464,Male-bias,0.322995743
451,1.379601107,0.241264791,right Interposed nucleus,0.99799069,1.127958742,0.629996757,Male-bias,0.241264791
452,2.808116059,0.095014122,Fastigial nucleus,0.99799069,1.223754758,0.652986639,Male-bias,0.095014122
453,8.101914574,0.004781484,left Fastigial nucleus,0.99799069,1.186418319,0.674085961,Male-bias,0.004781484
454,0.337926318,0.561542116,right Fastigial nucleus,0.99799069,1.22554621,0.681089938,Male-bias,0.561542116